{"cameraMode":{"drawMode":0,"name":"Shaded","section":"Shading Mode"},"sceneLighting":true,"audioPlay":false,"sceneViewState":{"showFog":true,"showMaterialUpdate":false,"showSkybox":true,"showFlares":true,"showImageEffects":true,"showParticleSystems":true},"in2DMode":false,"pivot":{"x":-4.826202869415283,"y":1.0742855072021485,"z":1.7903833389282227},"rotation":{"x":0.003099248744547367,"y":0.9791514873504639,"z":-0.20256458222866059,"w":0.014978350140154362},"size":4.937595844268799,"orthographic":false}